Mythic- Core, brII87rOnHy, UI__ZgdgE, 31
Northern Sky Externals, OsL2lhDHDHg, NSExternals, 24
Northern Sky - Database & Functions, W)RX6HcdFVM, NorthernSky, 47
Interrupt Anchor - All Bosses, OhDHsn0qc44, InterruptAnchor, 20
External Alert / Spell Requests (Power Infusion Innervate etc.), 4DAG9FZlL1(, ExternalAlert, 47
Kaze MRT Timers (Retail+Classic), guZg1Hsz(D5, n7l5uN3YM, 63
WeakAura Anchors, jPRF4w83DfS, WeakAuraAnchors, 9
M- Undermine, OnnY1cQYlSJ, 67jdyMVUg, 1
Liberation of Undermine, vBtWVKV8QAv, Undermine, 13
Northern Sky Liberation of Undermine, iXVEQvJZNKR, NSUndermine, 14
